{"cameraMode":{"drawMode":0,"name":"Shaded","section":"Shading Mode"},"sceneLighting":true,"audioPlay":false,"sceneViewState":{"m_AlwaysRefresh":false,"showFog":true,"showSkybox":true,"showFlares":true,"showImageEffects":true,"showParticleSystems":true,"showVisualEffectGraphs":true,"m_FxEnabled":true},"in2DMode":false,"pivot":{"x":-5.6938066482543949,"y":3.2433018684387209,"z":11.132883071899414},"rotation":{"x":-0.07971158623695374,"y":0.020001748576760293,"z":-0.001959441928192973,"w":-0.9967370629310608},"size":14.287081718444825,"orthographic":false}